Consultas principales,Clics,Impresiones,CTR,Posición
inedito digital,6,20,30%,1.1
agencia de marketing digital aguascalientes,4,143,2.8%,7.09
agencia de marketing aguascalientes,3,86,3.49%,5.36
agencias de marketing en aguascalientes,1,82,1.22%,5.65
marketing digital aguascalientes,1,44,2.27%,20.05
agencias de ecommerce,1,1,100%,1
agencia de marketing para empresas,1,1,100%,2
inédito,0,358,0%,10.14
inedito,0,262,0%,6.56
agencias marketing aguascalientes,0,116,0%,5.91
agencia de marketing digital en celaya,0,89,0%,58.42
agencias de publicidad en aguascalientes,0,81,0%,7.28
agencias marketing durango,0,61,0%,50.95
agencia site,0,47,0%,67.64
agencia de mercadotecnia,0,44,0%,49.34
agencia de contenido digital,0,43,0%,82.02
agencia de marketing digital,0,42,0%,8.43
agencia de marketing,0,36,0%,8.44
agencia de contenidos digitales,0,35,0%,85.09
diseño web aguascalientes,0,34,0%,45.24
agencia de posicionamiento organico,0,34,0%,64.82
digital marketing,0,33,0%,5.15
posicionamiento organico,0,32,0%,19
agencia de publicidad,0,31,0%,21.61
agencias de marketing,0,30,0%,4.8
agencia de publicidad en aguascalientes,0,29,0%,7.83
agencia de publicidad aguascalientes,0,29,0%,8.76
agencia de conteudo digital,0,28,0%,79.61
agencia de marketing digital en pénjamo,0,26,0%,38.42
agencia de publicidad digital,0,26,0%,53.31
agencia de marketing digital en abasolo,0,26,0%,90.38
agencia de marketing en aguascalientes,0,25,0%,5.56
seo en aguascalientes,0,23,0%,6.26
agencia de marketing y publicidad digital,0,23,0%,71.22
agencia de marketing de contenidos,0,23,0%,89.39
paginas web en aguascalientes,0,21,0%,40.86
paginas web aguascalientes,0,21,0%,43.57
agencia de posicionamiento orgánico,0,21,0%,59.19
marketing aguascalientes,0,20,0%,5.6
publicidad aguascalientes,0,20,0%,21.5
posicionamiento orgánico,0,18,0%,58.17
google ads vs facebook ads ¿qué herramienta utilizar?,0,17,0%,34.24
agencias marketing zacatecas,0,17,0%,61.59
diseno web en aguascalientes,0,16,0%,31.62
diseño de páginas web en aguascalientes,0,16,0%,47
empresas de marketing,0,15,0%,3.07
agencia de mkt digital,0,15,0%,56.33
diseño de paginas web en aguascalientes,0,14,0%,51.14
agencia de mkt,0,13,0%,52
agencias de marketing digital,0,12,0%,4.67
despacho de marketing,0,12,0%,63.83
agencia publicidad online,0,11,0%,72.55
inedita,0,10,0%,4.5
agencia de marketing digital y diseño web,0,10,0%,32
agencia digital de publicidad,0,10,0%,50
agencia de mercadotecnia digital,0,10,0%,57.8
seo organico,0,10,0%,69.4
inedit,0,9,0%,6.33
agencias de publicidad,0,9,0%,7.22
empresa de marketing online,0,9,0%,71.11
agencia creacion de contenidos,0,9,0%,83
marketing digital,0,8,0%,1.75
agencia de contenido digital inteligente,0,8,0%,30.5
páginas web en aguascalientes,0,8,0%,41.88
agencia de marketing it,0,8,0%,64.12
agencia de publicidad y marketing digital,0,8,0%,74.62
agencia de contenidos,0,8,0%,81.75
marketing digital agencia,0,7,0%,26.86
agencia de contenido,0,7,0%,79.14
aguascalientes digital,0,6,0%,6.17
1828 brasa y carbón,0,6,0%,10
google ads vs facebook ads,0,6,0%,23.83
agencia de marketing digital en salamanca,0,6,0%,74.5
empresa de marketing,0,5,0%,8
indedito,0,5,0%,9.2
menú de 1828 brasa y carbón,0,5,0%,11.2
empresa de publicidad y marketing digital,0,5,0%,58.8
bendito marketing,0,5,0%,60.8
agencia marketing infoproductos,0,5,0%,67.2
agencia creación de contenido,0,5,0%,72.8
agencia de publicidad en linea,0,5,0%,75.4
agencia marketing,0,4,0%,4.25
empresas de marketing digital,0,4,0%,5.75
agencia publicidad,0,4,0%,7.25
agencia marketing digital,0,4,0%,19.75
funnel de conversion,0,4,0%,26.25
best seo service company in aguascalientes,0,4,0%,28.75
digital agencia,0,4,0%,48.75
posicionamiento orgánico monterrey,0,4,0%,68.25
agencia de marketing independiente,0,4,0%,68.75
desarrollo web y móvil a medida en aguascalientes,0,4,0%,68.75
agencias marketing tlaxcala,0,4,0%,72.25
agencia de marketing y diseño,0,4,0%,85.5
renta de camionetas de carga en aguascalientes,0,3,0%,1
agencia de medios publicitarios,0,3,0%,4.33
empresas de publicidad,0,3,0%,4.33
agencia de publicidad y marketing,0,3,0%,7
empresas de publicidad y marketing,0,3,0%,8.33
innedit,0,3,0%,9.33
1828 brasa y carbon menu,0,3,0%,9.67
inedto,0,3,0%,11
empresas de anuncios publicitarios,0,3,0%,11.67
inediro,0,3,0%,12.33
indeito,0,3,0%,12.67
agencia mkt,0,3,0%,16
posicionamiento web en aguascalientes,0,3,0%,17.33
agencia de diseño web,0,3,0%,20.67
facebook ads vs google ads,0,3,0%,28.33
google ads vs meta ads,0,3,0%,34
agencia digital para las ventas,0,3,0%,37
edimoviles,0,3,0%,44.67
servicios de posicionamiento orgánico seo,0,3,0%,47.67
diseño web en aguascalientes,0,3,0%,56.67
mkt digital agencia,0,3,0%,61
asistente con inteligencia artificial para tiendas en línea,0,3,0%,74.67
que es el aparato reproductor masculino,0,3,0%,74.67
agencia de marketing digital para industrias,0,3,0%,80
agencia de creacion de contenido,0,3,0%,83
posicionamiento web organico,0,3,0%,86.33
digital publisher aguascalientes,0,3,0%,105.33
agentes de publicidad,0,2,0%,1
agencia digital,0,2,0%,1.5
inodpito,0,2,0%,8
brasa y carbon,0,2,0%,8.5
idi marketing,0,2,0%,8.5
agencia de mercadotecnia y publicidad,0,2,0%,9.5
ineditp,0,2,0%,10.5
agencia web,0,2,0%,11.5
restaurante 1828,0,2,0%,11.5
agencia de digital,0,2,0%,28.5
azul clarito marketing & developers,0,2,0%,38.5
id marketing,0,2,0%,49.5
id creativa,0,2,0%,53
agencia de marketing digital y publicidad,0,2,0%,58.5
agencia contenido digital,0,2,0%,62
agencia de marketing digital y diseño,0,2,0%,71.5
seo orgánico,0,2,0%,71.5
agencias de contenido,0,2,0%,79.5
agencia de marketing digital en guanajuato,0,2,0%,82.5
agencia de medios digitales,0,2,0%,83.5
aparato reproductor masculino por fuera,0,2,0%,85.5
agencias de marketin,0,1,0%,1
agencias de publicidad en mexico,0,1,0%,1
agencias publicitarias en mexico,0,1,0%,1
empresas de mercadotecnia,0,1,0%,1
empresas de publicidad online,0,1,0%,1
ppc agency,0,1,0%,1
agencias de creacion de contenido,0,1,0%,2
compañias de marketing digital,0,1,0%,2
empresas digitales,0,1,0%,2
innedito,0,1,0%,2
agencias de mkt,0,1,0%,3
compañias de marketing,0,1,0%,3
empresa de marketing digital,0,1,0%,3
internet advertising near me,0,1,0%,3
negocio digital,0,1,0%,3
punto y aparte aguascalientes,0,1,0%,3
agencia de ia,0,1,0%,4
agencia i,0,1,0%,4
empresa de marketing y publicidad,0,1,0%,4
inneditas,0,1,0%,4
agente de publicidad,0,1,0%,5
marketing near me,0,1,0%,5
servicios de marketing,0,1,0%,5
agencia de paginas web,0,1,0%,6
empresa publicidad,0,1,0%,6
agencias publicitarias,0,1,0%,7
servicios de agencia de publicidad,0,1,0%,7
servicios de marketing y publicidad,0,1,0%,7
agencia de medios,0,1,0%,8
empresa de publicidad y marketing,0,1,0%,8
agencia de ventas,0,1,0%,9
empresas publicidad,0,1,0%,9
empresas publicitarias,0,1,0%,9
seo,0,1,0%,9
agencia boutique de marketing digital,0,1,0%,10
brasa y carbón,0,1,0%,10
inedito restaurante,0,1,0%,11
exito digital,0,1,0%,12
publicidad para negocios cerca de mi,0,1,0%,12
servicios de publicidad,0,1,0%,12
1828 restaurante,0,1,0%,17
idee digital marketing,0,1,0%,20
google ads vs. facebook ads,0,1,0%,24
google ads y facebook ads,0,1,0%,28
irt marketing paginas web,0,1,0%,28
agencia de desarrollo digital,0,1,0%,29
google and facebook advertising,0,1,0%,29
idmkt,0,1,0%,29
hypatia scanner,0,1,0%,32
oficinas didi aguascalientes,0,1,0%,32
id mkt,0,1,0%,38
agencia de digital marketing,0,1,0%,47
agencia redes sociales,0,1,0%,48
anuncios aguascalientes,0,1,0%,49
agencia de marketing digital en tlaxcala,0,1,0%,50
agencia mercadotecnia,0,1,0%,50
ideaz marketing,0,1,0%,50
agencia de marketing digital cerca de mi,0,1,0%,54
agencia de posicionamiento natural,0,1,0%,54
empresa posicionamiento organico,0,1,0%,54
por donde se mete el aparato reproductor masculino,0,1,0%,60
agencia de marketing nuevo laredo,0,1,0%,61
digital marketing agencia,0,1,0%,63
agencia contenidos digitales,0,1,0%,65
agencia publicidad digital,0,1,0%,67
marketing digital agencias,0,1,0%,68
agencia lanzamientos digitales,0,1,0%,69
empresa de contenidos digitales,0,1,0%,69
que es aparato reproductor masculino,0,1,0%,69
agencia de mercadotecnia de internet,0,1,0%,72
agencia branding digital,0,1,0%,73
agencia de publicidad web,0,1,0%,73
organo sexual externo masculino,0,1,0%,76
agencia de content marketing,0,1,0%,79
los aparatos reproductores masculino,0,1,0%,83
agencia publicitaria online,0,1,0%,84
servicios de publicidad digital,0,1,0%,85
aicomers,0,1,0%,87
soporte 24/7 ecommerce,0,1,0%,89
definicion del aparato reproductor masculino,0,1,0%,93
agencia de marketing digital mexico,0,1,0%,94
características de la salud sexual,0,1,0%,94
caracteristicas de la salud sexual,0,1,0%,99