Página con enlaces,Último rastreo
https://maindsoft.net/blog/cultura-ciberseguridad-empresa,2026-08-03
https://maindsoft.net/blog/dashboards-transforman-toma-decisiones,2026-08-02
https://maindsoft.net/blog/como-seleccionar-erp-perfecto,2026-07-31
https://maindsoft.net/blog/optimizar-dashboards-bi-toma-de-decisiones,2026-07-31
https://maindsoft.net/blog/erp-agilidad-empresarial,2026-07-29
https://maindsoft.net/blog?page=23,2026-07-29
https://maindsoft.net/blog/como-implementar-dashboards-bi-transformar-toma-de-decisiones,2026-07-27
https://maindsoft.net/blog/como-desarrollar-aplicacion-movil-exitosa,2026-07-26
https://maindsoft.net/blog?page=4,2026-07-26
https://maindsoft.net/blog/implementacion-dashboards-bi-efectivos,2026-07-25
https://maindsoft.net/blog/como-apps-moviles-transforman-eficiencia-empresarial,2026-07-24
https://maindsoft.net/blog/errores-comunes-desarrollo-software-medida,2026-07-23
https://feriasanmarcos.mx/category/foro-de-las-estrellas/page/2/,2026-07-21
https://inteligenciaartificialparaempresas.com.mx/,2026-07-21
https://maindsoft.net/blog/erp-transformacion-empresa,2026-07-21
https://maindsoft.net/blog/estrategia-apps-moviles-productividad,2026-07-20
https://maindsoft.net/blog/elegir-plataforma-apps-moviles,2026-07-18
https://maindsoft.net/blog/erp-transformacion-digital,2026-07-18
https://maindsoft.net/autor/equipo-maindsoft,2026-07-17
https://maindsoft.net/blog/estrategias-ciberseguridad-2024,2026-07-17
https://maindsoft.net/blog?page=22,2026-07-17
https://maindsoft.net/blog/como-implementar-software-a-la-medida,2026-07-16
https://maindsoft.net/blog/erp-a-la-medida-transformacion-empresarial,2026-07-16
https://maindsoft.net/blog/como-inteligencia-artificial-revoluciona-estrategia-empresarial,2026-07-15
https://maindsoft.net/blog/como-una-app-movil-puede-transformar-tu-negocio,2026-07-15
https://maindsoft.net/blog/dashboards-para-toma-de-decisiones,2026-07-14
https://maindsoft.net/blog/estrategia-marketing-app-movil,2026-07-13
https://maindsoft.net/blog/estrategia-ciberseguridad-por-etapas,2026-07-12
https://maindsoft.net/blog/desarrollar-apps-moviles-productividad,2026-07-10
https://maindsoft.net/blog/como-implementar-inteligencia-artificial,2026-07-09
https://maindsoft.net/blog/desarrollar-apps-moviles-efectivas,2026-07-08
https://maindsoft.net/blog/como-crear-dashboards-efectivos,2026-07-07
https://maindsoft.net/blog/estrategia-desarrollo-apps-moviles,2026-07-07
https://maindsoft.net/blog/fortalecer-ciberseguridad-empresarial-2024,2026-07-07
https://maindsoft.net/blog/apps-moviles-productividad-empresarial,2026-07-06
https://maindsoft.net/blog/estrategia-apps-moviles-efectiva,2026-07-06
https://maindsoft.net/blog?page=21,2026-07-06
https://maindsoft.net/blog/estrategia-desarrollo-apps-moviles-2024,2026-07-04
https://maindsoft.net/blog?page=3,2026-07-04
https://maindsoft.net/blog/desarrollar-app-movil-industria,2026-07-03
https://maindsoft.net/blog/guia-crear-dashboards-bi,2026-07-03
https://maindsoft.net/blog?page=19,2026-07-03
https://maindsoft.net/blog/guia-implementacion-erp-a-medida,2026-07-02
https://maindsoft.net/blog/maximizar-roi-proyectos-dashboards-bi,2026-06-30
https://maindsoft.net/opiniones,2026-06-29
https://maindsoft.net/blog/proteger-empresa-amenazas-digitales,2026-06-28
https://maindsoft.net/blog?page=20,2026-06-28
https://maindsoft.net/blog/implementacion-ia-empresas,2026-06-27
https://maindsoft.net/blog/errores-comunes-implementacion-erp,2026-06-26
https://maindsoft.net/blog/como-implementar-inteligencia-artificial-empresas,2026-06-25
https://maindsoft.net/soluciones?cat=B2B,2026-06-22
https://maindsoft.net/soluciones?ind=Comercio,2026-06-22
https://maindsoft.net/blog/apps-moviles-transformacion-experiencia-cliente-2023,2026-06-21
https://maindsoft.net/blog/estrategia-efectiva-apps-moviles,2026-06-21
https://www.babylovegrowth.ai/es/blog/agencia-marketing-digital-aguascalientes-8,2026-06-21
https://maindsoft.net/blog/como-implementar-dashboards-bi-efectivos,2026-06-19
https://maindsoft.net/soluciones/sistema-de-citas-medicas,2026-06-19
https://maindsoft.net/blog/ciberseguridad-proactiva-estrategias-2023,2026-06-18
https://maindsoft.net/blog/integrar-inteligencia-artificial-estrategia-empresarial,2026-06-18
https://maindsoft.net/blog/disenar-app-movil-atractiva,2026-06-17
https://maindsoft.net/blog/como-erp-a-la-medida-transforma-productividad,2026-06-15
https://maindsoft.net/blog/desarrollo-software-optimiza-procesos-empresariales,2026-06-15
https://maindsoft.net/blog/plan-ciberseguridad-5-pasos,2026-06-14
https://maindsoft.net/blog/como-implementar-apps-moviles,2026-06-12
https://maindsoft.net/blog/optimizar-desarrollo-apps-moviles-retencion-usuarios,2026-06-12
https://maindsoft.net/blog/claves-para-implementar-dashboards-bi,2026-06-10
https://maindsoft.net/blog/desarrollar-software-a-la-medida-optimizar-procesos,2026-06-10
https://maindsoft.net/blog/como-construir-dashboards-efectivos,2026-06-09
https://maindsoft.net/blog/guia-implementacion-apps-moviles,2026-06-08
https://maindsoft.net/blog/guia-implementacion-software-medida,2026-06-08
https://maindsoft.net/blog/ciberseguridad-empresarial-estrategias,2026-06-06
https://maindsoft.net/soluciones?cat=Manufactura,2026-06-06
https://maindsoft.net/blog/claves-desarrollo-software-medida,2026-06-05
https://maindsoft.net/blog?page=18,2026-06-05
https://maindsoft.net/zonas-de-servicio,2026-06-05
https://maindsoft.net/soluciones?ind=Log%C3%ADstica,2026-06-03
https://maindsoft.net/blog/maximizar-inversion-erp-medida,2026-06-02
https://maindsoft.net/blog/optimizar-estrategia-desarrollo-apps-moviles,2026-06-02
https://maindsoft.net/blog/mejores-practicas-desarrollo-apps-moviles,2026-06-01
https://maindsoft.net/blog/metodologia-agil-desarrollo-software,2026-06-01
https://maindsoft.net/blog/personalizar-erp-a-la-medida,2026-06-01
https://maindsoft.net/blog/ciberseguridad-nube-estrategias,2026-05-31
https://maindsoft.net/blog/planificacion-desarrollo-aplicaciones-moviles,2026-05-31
https://maindsoft.net/blog/guia-desarrollo-software-medida,2026-05-30
https://maindsoft.net/blog/guia-implementacion-inteligencia-artificial-empresas,2026-05-30
https://maindsoft.net/blog/mejorar-experiencia-usuario-apps-moviles,2026-05-30
https://maindsoft.net/blog/como-implementar-programa-ciberseguridad,2026-05-29
https://maindsoft.net/blog?page=15,2026-05-29
https://maindsoft.net/blog/como-inteligencia-artificial-transformara-empresa-2023,2026-05-28
https://maindsoft.net/blog/erp-construccion-gestion-proyectos,2026-05-28
https://maindsoft.net/blog/evaluar-roi-app-movil,2026-05-28
https://maindsoft.net/blog?page=17,2026-05-28
https://maindsoft.net/trabaja-con-nosotros,2026-05-28
https://maindsoft.net/blog/como-desarrollo-software-personalizado-mejora-eficiencia-operativa,2026-05-27
https://maindsoft.net/blog/como-inteligencia-artificial-transformando-gestion-empresarial,2026-05-27
https://maindsoft.net/blog/guia-desarrollo-software-a-medida,2026-05-27
https://maindsoft.net/blog/optimizar-desarrollo-software-a-medida,2026-05-27
https://maindsoft.net/blog?page=6,2026-05-27
https://maindsoft.net/aguascalientes/software-empresarial,2026-05-26
https://maindsoft.net/blog/acelerar-crecimiento-empresa-apps-moviles,2026-05-26
https://maindsoft.net/blog/como-personalizar-erp-a-la-medida,2026-05-26
https://maindsoft.net/blog/dashboards-transforman-toma-de-decisiones,2026-05-26
https://maindsoft.net/blog/erp-a-la-medida-transformar-gestion-empresarial,2026-05-26
https://maindsoft.net/blog/fortalecer-ciberseguridad-empresa,2026-05-26
https://maindsoft.net/blog/guia-implementacion-desarrollo-software-medida,2026-05-26
https://maindsoft.net/blog/optimizar-dashboards-visualizacion-datos,2026-05-26
https://maindsoft.net/blog/como-erp-a-la-medida-transformara-gestion-empresa,2026-05-25
https://maindsoft.net/blog/aumentar-productividad-apps-moviles,2026-05-24
https://maindsoft.net/blog/como-implementar-app-movil-a-medida,2026-05-24
https://maindsoft.net/blog/erp-a-la-medida-logistica-eficiencia-operativa,2026-05-24
https://maindsoft.net/blog/errores-comunes-ciberseguridad-2023,2026-05-24
https://maindsoft.net/blog/ciberseguridad-como-estrategia-empresarial,2026-05-22
https://maindsoft.net/blog/estrategia-app-movil,2026-05-22
https://maindsoft.net/blog?page=10,2026-05-22
https://maindsoft.net/guadalajara/software-empresarial,2026-05-22
https://www.maindsoft.net/blog/guia-implementacion-software-a-la-medida,2026-05-22
https://maindsoft.net/blog/plan-ciberseguridad-efectivo,2026-05-21
https://maindsoft.net/blog/seleccionar-erp-a-la-medida,2026-05-21
https://maindsoft.net/san-luis-potosi/software-empresarial,2026-05-21
https://maindsoft.net/soluciones/reservas-con-creditos,2026-05-21
https://maindsoft.net/blog/desarrollar-software-a-la-medida,2026-05-20
https://maindsoft.net/blog/como-implementar-desarrollo-software-a-la-medida,2026-05-18
https://maindsoft.net/blog/estrategia-apps-moviles,2026-05-17
https://maindsoft.net/blog/como-inteligencia-artificial-revoluciona-toma-de-decisiones,2026-05-16
https://maindsoft.net/blog/evaluar-eficiencia-ciberseguridad,2026-05-16
https://maindsoft.net/blog?page=16,2026-05-16
https://maindsoft.net/san-luis-potosi/erp-para-comercializadoras,2026-05-16
https://maindsoft.net/soluciones/app-delivery,2026-05-16
https://maindsoft.net/blog/acelerar-desarrollo-apps-moviles,2026-05-15
https://maindsoft.net/blog/metodologia-desarrollo-software,2026-05-15
https://maindsoft.net/blog/ciberseguridad-estrategia-resiliente,2026-05-14
https://maindsoft.net/dashboards-bi,2026-05-14
https://maindsoft.net/blog/evaluar-viabilidad-proyecto-desarrollo-software,2026-05-13
https://maindsoft.net/blog/como-implementar-ia-en-tu-empresa,2026-05-11
https://maindsoft.net/aguascalientes/erp-para-comercializadoras,2026-05-10
https://maindsoft.net/blog/como-implementar-dashboards-bi,2026-05-10
https://maindsoft.net/blog/estrategia-lanzamiento-apps-moviles,2026-05-10
https://maindsoft.net/blog/erp-a-la-medida-gestion-proyectos,2026-05-09
https://maindsoft.net/blog/optimizar-dashboards,2026-05-09
https://maindsoft.net/soluciones/software-manufactura,2026-05-09
https://maindsoft.net/soluciones?ind=Servicios,2026-05-09
https://maindsoft.net/blog/como-implementar-inteligencia-artificial-empresa,2026-05-08
https://feriasanmarcos.mx/agenda-feria-san-marcos-2026-eventos-del-8-de-mayo/,2026-05-07
https://feriasanmarcos.mx/cristian-castro-palenque-san-marcos-9-de-mayo-2026/,2026-05-07
https://feriasanmarcos.mx/david-guetta-foro-estrellas-fnsm-2026/,2026-05-07
https://feriasanmarcos.mx/empire-of-the-sun-foro-estrellas-fnsm-2026/,2026-05-07
https://feriasanmarcos.mx/oscar-maydon-palenque-san-marcos-2026-2/,2026-05-07
https://feriasanmarcos.mx/paulo-londra-foro-de-las-estrellas-9-de-mayo-2026/,2026-05-07
https://feriasanmarcos.mx/ramon-ayala-palenque-san-marcos-2026-10-mayo/,2026-05-07
https://maindsoft.net/blog/como-desarrollo-software-medida-transforma-negocio,2026-05-07
https://feriasanmarcos.mx/agenda-feria-san-marcos-7-mayo-2026/,2026-05-06
https://feriasanmarcos.mx/category/feria-de-san-marcos/page/29/,2026-05-06
https://feriasanmarcos.mx/julion-alvarez-en-el-palenque-san-marcos-2026-7-de-mayo/,2026-05-06
https://feriasanmarcos.mx/lila-downs-en-el-foro-de-las-estrellas-2026-7-de-mayo/,2026-05-06
https://play.google.com/store/apps/details?id=mx.feriasanmarcos.mapa&hl=hr,2026-05-06
https://play.google.com/store/apps/details?id=mx.feriasanmarcos.mapa&hl=ky,2026-05-06
https://feriasanmarcos.mx/agenda-feria-san-marcos-6-de-mayo-2026-eventos-y-conciertos/,2026-05-05
https://feriasanmarcos.mx/julion-alvarez-6-mayo-palenque-san-marcos-2026/,2026-05-05
https://maindsoft.net/blog/construir-dashboards-efectivos,2026-05-05
https://feriasanmarcos.mx/agenda-fnsm-2026-5-de-mayo/,2026-05-04
https://feriasanmarcos.mx/grupo-frontera-5-de-mayo-en-el-foro-de-las-estrellas-2026/,2026-05-04
https://play.google.com/store/apps/details?id=mx.feriasanmarcos.mapa&hl=bg,2026-05-04
https://play.google.com/store/apps/details?id=mx.feriasanmarcos.mapa&hl=de,2026-05-04
https://play.google.com/store/apps/details?id=mx.feriasanmarcos.mapa&hl=el,2026-05-04
https://feriasanmarcos.mx/grupo-duelo-4-mayo-palenque-san-marcos-2026/,2026-05-03
https://feriasanmarcos.mx/kumbia-kings-4-mayo-foro-estrellas-2026/,2026-05-03
https://maindsoft.net/blog?page=2,2026-05-03
https://maindsoft.net/blog/desarrollo-software-a-la-medida,2026-05-01
https://maindsoft.net/blog/desarrollo-software-eficiencia-empresarial,2026-05-01
https://feriasanmarcos.mx/jose-carreras-kenny-g-foro-de-las-estrellas-2026-30-de-abril/,2026-04-29
https://maindsoft.net/blog/guia-desarrollo-software-medida-2023,2026-04-29
https://maindsoft.net/soluciones?cat=Reservas,2026-04-29
https://play.google.com/store/apps/details?id=mx.feriasanmarcos.mapa&hl=et,2026-04-29
https://play.google.com/store/apps/details?id=mx.feriasanmarcos.mapa&hl=gu,2026-04-29
https://play.google.com/store/apps/details?id=mx.feriasanmarcos.mapa&hl=km,2026-04-29
https://play.google.com/store/apps/details?id=mx.feriasanmarcos.mapa&hl=zh,2026-04-29
https://play.google.com/store/apps/details?id=mx.feriasanmarcos.mapa&hl=zh_HK,2026-04-29
https://feriasanmarcos.mx/carlos-rivera-en-el-palenque-san-marcos-2026-30-de-abril/,2026-04-28
https://feriasanmarcos.mx/category/foro-de-las-estrellas/page/14/,2026-04-28
https://feriasanmarcos.mx/foreigner-foro-estrellas-2026-3-mayo/,2026-04-28
https://feriasanmarcos.mx/grupo-firme-en-el-palenque-san-marcos-2026-2-de-mayo/,2026-04-28
https://feriasanmarcos.mx/lucha-libre-foro-estrellas-2026/,2026-04-28
https://feriasanmarcos.mx/milli-eric-nam-audrey-nuna-foro-estrellas-2026/,2026-04-28
https://play.google.com/store/apps/details?id=mx.feriasanmarcos.mapa&hl=fr,2026-04-28
https://play.google.com/store/apps/details?id=mx.feriasanmarcos.mapa&hl=ja,2026-04-28
https://play.google.com/store/apps/details?id=mx.feriasanmarcos.mapa&hl=ln,2026-04-28
https://play.google.com/store/apps/details?id=mx.feriasanmarcos.mapa&hl=ru,2026-04-28
https://play.google.com/store/apps/details?id=mx.feriasanmarcos.mapa&hl=bs,2026-04-27
https://play.google.com/store/apps/details?id=mx.feriasanmarcos.mapa&hl=ca,2026-04-27
https://play.google.com/store/apps/details?id=mx.feriasanmarcos.mapa&hl=cs,2026-04-27
https://play.google.com/store/apps/details?id=mx.feriasanmarcos.mapa&hl=da,2026-04-27
https://play.google.com/store/apps/details?id=mx.feriasanmarcos.mapa&hl=en_ZA,2026-04-27
https://play.google.com/store/apps/details?id=mx.feriasanmarcos.mapa&hl=es_PY,2026-04-27
https://play.google.com/store/apps/details?id=mx.feriasanmarcos.mapa&hl=eu,2026-04-27
https://play.google.com/store/apps/details?id=mx.feriasanmarcos.mapa&hl=fa,2026-04-27
https://play.google.com/store/apps/details?id=mx.feriasanmarcos.mapa&hl=fi,2026-04-27
https://play.google.com/store/apps/details?id=mx.feriasanmarcos.mapa&hl=fil,2026-04-27
https://play.google.com/store/apps/details?id=mx.feriasanmarcos.mapa&hl=fr_CA,2026-04-27
https://play.google.com/store/apps/details?id=mx.feriasanmarcos.mapa&hl=gsw,2026-04-27
https://play.google.com/store/apps/details?id=mx.feriasanmarcos.mapa&hl=he,2026-04-27
https://play.google.com/store/apps/details?id=mx.feriasanmarcos.mapa&hl=hi,2026-04-27
https://play.google.com/store/apps/details?id=mx.feriasanmarcos.mapa&hl=hy,2026-04-27
https://play.google.com/store/apps/details?id=mx.feriasanmarcos.mapa&hl=is,2026-04-27
https://play.google.com/store/apps/details?id=mx.feriasanmarcos.mapa&hl=it,2026-04-27
https://play.google.com/store/apps/details?id=mx.feriasanmarcos.mapa&hl=ka,2026-04-27
https://play.google.com/store/apps/details?id=mx.feriasanmarcos.mapa&hl=kk,2026-04-27
https://play.google.com/store/apps/details?id=mx.feriasanmarcos.mapa&hl=lt,2026-04-27
https://play.google.com/store/apps/details?id=mx.feriasanmarcos.mapa&hl=lv,2026-04-27
https://play.google.com/store/apps/details?id=mx.feriasanmarcos.mapa&hl=mk,2026-04-27
https://play.google.com/store/apps/details?id=mx.feriasanmarcos.mapa&hl=mn,2026-04-27
https://play.google.com/store/apps/details?id=mx.feriasanmarcos.mapa&hl=mr,2026-04-27
https://play.google.com/store/apps/details?id=mx.feriasanmarcos.mapa&hl=ms,2026-04-27
https://play.google.com/store/apps/details?id=mx.feriasanmarcos.mapa&hl=my,2026-04-27
https://play.google.com/store/apps/details?id=mx.feriasanmarcos.mapa&hl=nl,2026-04-27
https://play.google.com/store/apps/details?id=mx.feriasanmarcos.mapa&hl=no,2026-04-27
https://play.google.com/store/apps/details?id=mx.feriasanmarcos.mapa&hl=or,2026-04-27
https://play.google.com/store/apps/details?id=mx.feriasanmarcos.mapa&hl=pa,2026-04-27
https://play.google.com/store/apps/details?id=mx.feriasanmarcos.mapa&hl=pt,2026-04-27
https://play.google.com/store/apps/details?id=mx.feriasanmarcos.mapa&hl=si,2026-04-27
https://play.google.com/store/apps/details?id=mx.feriasanmarcos.mapa&hl=sq,2026-04-27
https://play.google.com/store/apps/details?id=mx.feriasanmarcos.mapa&hl=sr,2026-04-27
https://play.google.com/store/apps/details?id=mx.feriasanmarcos.mapa&hl=sv,2026-04-27
https://play.google.com/store/apps/details?id=mx.feriasanmarcos.mapa&hl=ta,2026-04-27
https://play.google.com/store/apps/details?id=mx.feriasanmarcos.mapa&hl=te,2026-04-27
https://play.google.com/store/apps/details?id=mx.feriasanmarcos.mapa&hl=th,2026-04-27
https://play.google.com/store/apps/details?id=mx.feriasanmarcos.mapa&hl=tr,2026-04-27
https://play.google.com/store/apps/details?id=mx.feriasanmarcos.mapa&hl=uk,2026-04-27
https://play.google.com/store/apps/details?id=mx.feriasanmarcos.mapa&hl=ur,2026-04-27
https://play.google.com/store/apps/details?id=mx.feriasanmarcos.mapa&hl=vi,2026-04-27
https://play.google.com/store/apps/details?id=mx.feriasanmarcos.mapa&hl=zh_TW,2026-04-27
https://play.google.com/store/apps/details?id=mx.feriasanmarcos.mapa&hl=zu,2026-04-27
https://feriasanmarcos.mx/agenda-del-27-de-abril-en-la-feria-nacional-de-san-marcos-2026/,2026-04-26
https://feriasanmarcos.mx/el-coyote-chuy-lizarraga-palenque-san-marcos-2026/,2026-04-26
https://feriasanmarcos.mx/orquesta-sinfonica-sedena-foro-estrellas-2026/,2026-04-26
https://feriasanmarcos.mx/yuridia-palenque-san-marcos-2026-25-abril/,2026-04-26
https://maindsoft.net/blog/optimizar-experiencia-usuario-apps-moviles,2026-04-26
https://maindsoft.net/inteligencia-artificial-para-empresas,2026-04-26
https://maindsoft.net/soluciones?ind=Distribuci%C3%B3n,2026-04-26
https://play.google.com/store/apps/details?id=mx.feriasanmarcos.mapa&hl=af,2026-04-26
https://play.google.com/store/apps/details?id=mx.feriasanmarcos.mapa&hl=ar,2026-04-26
https://play.google.com/store/apps/details?id=mx.feriasanmarcos.mapa&hl=as,2026-04-26
https://play.google.com/store/apps/details?id=mx.feriasanmarcos.mapa&hl=az,2026-04-26
https://play.google.com/store/apps/details?id=mx.feriasanmarcos.mapa&hl=be,2026-04-26
https://play.google.com/store/apps/details?id=mx.feriasanmarcos.mapa&hl=bn,2026-04-26
https://play.google.com/store/apps/details?id=mx.feriasanmarcos.mapa&hl=en_SG,2026-04-26
https://play.google.com/store/apps/details?id=mx.feriasanmarcos.mapa&hl=es,2026-04-26
https://play.google.com/store/apps/details?id=mx.feriasanmarcos.mapa&hl=gl,2026-04-26
https://play.google.com/store/apps/details?id=mx.feriasanmarcos.mapa&hl=hu,2026-04-26
https://play.google.com/store/apps/details?id=mx.feriasanmarcos.mapa&hl=id,2026-04-26
https://play.google.com/store/apps/details?id=mx.feriasanmarcos.mapa&hl=kn,2026-04-26
https://play.google.com/store/apps/details?id=mx.feriasanmarcos.mapa&hl=ko,2026-04-26
https://play.google.com/store/apps/details?id=mx.feriasanmarcos.mapa&hl=lo,2026-04-26
https://play.google.com/store/apps/details?id=mx.feriasanmarcos.mapa&hl=ml,2026-04-26
https://play.google.com/store/apps/details?id=mx.feriasanmarcos.mapa&hl=ne,2026-04-26
https://play.google.com/store/apps/details?id=mx.feriasanmarcos.mapa&hl=pl,2026-04-26
https://play.google.com/store/apps/details?id=mx.feriasanmarcos.mapa&hl=pt_PT,2026-04-26
https://play.google.com/store/apps/details?id=mx.feriasanmarcos.mapa&hl=ro,2026-04-26
https://play.google.com/store/apps/details?id=mx.feriasanmarcos.mapa&hl=sk,2026-04-26
https://play.google.com/store/apps/details?id=mx.feriasanmarcos.mapa&hl=sl,2026-04-26
https://play.google.com/store/apps/details?id=mx.feriasanmarcos.mapa&hl=sr_Latn,2026-04-26
https://play.google.com/store/apps/details?id=mx.feriasanmarcos.mapa&hl=sw,2026-04-26
https://play.google.com/store/apps/details?id=mx.feriasanmarcos.mapa&hl=uz,2026-04-26
https://maindsoft.net/blog/como-desarrollo-software-a-medida-transformar-empresa,2026-04-25
https://maindsoft.net/blog/desarrollo-software-medida-innovacion,2026-04-25
https://maindsoft.net/blog?page=14,2026-04-25
https://maindsoft.net/blog?page=8,2026-04-25
https://maindsoft.net/soluciones?cat=Log%C3%ADstica,2026-04-25
https://maindsoft.net/apps-moviles,2026-04-24
https://maindsoft.net/blog/como-implementar-software-a-medida,2026-04-24
https://maindsoft.net/blog/crear-app-movil-exitosa,2026-04-24
https://maindsoft.net/blog/erp-a-la-medida-transformacion-gestion-empresarial,2026-04-24
https://maindsoft.net/blog/estrategias-desarrollo-software-medida,2026-04-24
https://maindsoft.net/blog/optimizacion-procesos-empresariales-inteligencia-artificial,2026-04-24
https://maindsoft.net/soluciones?cat=ERP,2026-04-24
https://maindsoft.net/soluciones?cat=Operaci%C3%B3n,2026-04-24
https://maindsoft.net/soluciones?ind=Manufactura,2026-04-24
https://maindsoft.net/soluciones?ind=Salud,2026-04-24
https://feriasanmarcos.mx/yuridia-en-el-palenque-san-marcos-2026/,2026-04-23
https://maindsoft.net/soluciones/portal-de-proveedores,2026-04-23
https://1828brasaycarbon.mx/tacos/,2026-04-22
https://feriasanmarcos.mx/lara-campos-foro-de-las-estrellas-2026-2/,2026-04-22
https://feriasanmarcos.mx/remmy-valenzuela-palenque-san-marcos-2026/,2026-04-22
https://maindsoft.net/blog/claves-desarrollar-apps-moviles,2026-04-22
https://maindsoft.net/blog/como-implementar-dashboards-efectivos,2026-04-22
https://maindsoft.net/blog/implementacion-dashboards-bi,2026-04-22
https://maindsoft.net/blog/inteligencia-artificial-salud,2026-04-22
https://maindsoft.net/blog/maximizar-valor-dashboards,2026-04-22
https://maindsoft.net/blog/proteger-empresa-amenazas-ciberneticas,2026-04-22
https://maindsoft.net/blog?page=12,2026-04-22
https://www.maindsoft.net/blog/apps-moviles-transformacion-comercio-electronico,2026-04-22
https://www.maindsoft.net/blog/desarrollo-app-movil-atractivo,2026-04-22
https://www.maindsoft.net/soluciones/erp-para-comercializadoras,2026-04-22
https://1828brasaycarbon.mx/postres/,2026-04-21
https://feriasanmarcos.mx/christian-nodal-en-el-palenque-san-marcos-2026-el-22-de-abril/,2026-04-21
https://maindsoft.net/blog/ciberseguridad-desarrollo-software,2026-04-21
https://feriasanmarcos.mx/expo-ganadera-fnsm-2026/,2026-04-19
https://feriasanmarcos.mx/match-canino-fnsm-2026/,2026-04-19
https://feriasanmarcos.mx/ricardo-montaner-arena-san-marcos-2026/,2026-04-19
https://maindsoft.net/blog?page=13,2026-04-19
https://maindsoft.net/blog,2026-04-18
https://maindsoft.net/blog/guia-desarrollo-software-a-la-medida,2026-04-18
https://maindsoft.net/blog/guia-inteligencia-artificial-empresa,2026-04-18
https://maindsoft.net/ciberseguridad,2026-04-18
https://maindsoft.net/contacto,2026-04-18
https://maindsoft.net/erp-a-la-medida,2026-04-18
https://maindsoft.net/blog/crear-app-movil-crecimiento-empresa,2026-04-17
https://maindsoft.net/blog/erp-eficiencia-operativa-servicios,2026-04-17
https://maindsoft.net/blog/estrategias-desarrollo-apps-moviles,2026-04-17
https://maindsoft.net/blog/ciberseguridad-confianza-cliente,2026-04-16
https://maindsoft.net/blog/que-es-agente-inteligencia-artificial,2026-04-16
https://maindsoft.net/soluciones/portal-b2b,2026-04-16
https://maindsoft.net/,2026-04-15
https://maindsoft.net/blog/como-desarrollar-app-movil,2026-04-15
https://maindsoft.net/desarrollo-de-software,2026-04-15
https://maindsoft.net/soluciones,2026-04-15
https://maindsoft.net/blog/como-implementar-software-medida,2026-04-14
https://maindsoft.net/blog/como-implementar-software-personalizado,2026-04-14
https://maindsoft.net/blog/crear-apps-moviles-transformar-negocio,2026-04-14
https://maindsoft.net/blog/desarrollo-software-transformacion-digital,2026-04-14
https://maindsoft.net/blog/implementacion-inteligencia-artificial-empresas,2026-04-14
https://maindsoft.net/soluciones/sistema-de-reservas-calendario,2026-04-14
https://maindsoft.net/soluciones?cat=Salud,2026-04-14
https://feriasanmarcos.mx/gana-fan-access-para-entre-amigos-fnsm-2026-emmanuel-lucero-yuri-y-mijares/,2026-04-01
https://feriasanmarcos.mx/gana-fan-access-para-j-balvin-en-la-fnsm-2026-foro-de-las-estrellas/,2026-04-01
https://www.appbrain.com/app/feria-san-marcos/mx.feriasanmarcos.mapa,2026-04-01
https://appmagic.rocks/iphone/feria-san-marcos/6759846001/?hl=es,2026-03-31
https://appmagic.rocks/iphone/feria-san-marcos/6759846001/?hl=ja,2026-03-31
https://play.google.com/store/apps/details?id=mx.feriasanmarcos.mapa&hl=am,2026-03-31
https://appmagic.rocks/iphone/feria-san-marcos/6759846001,2026-03-30
https://feriasanmarcos.mx/🐂-cuernos-chuecos-en-aguascalientes-2026-vive-2-dias-de-rodeo-al-precio-de-uno/,2026-03-29
https://feriasanmarcos.mx/gala-boxeo-internacional-fnsm-2026/,2026-03-19
https://feriasanmarcos.mx/magna-cabalgata-feria-de-san-marcos-2026/,2026-03-17
https://feriasanmarcos.mx/oxxo-patrocinador-oficial-de-fnsm/,2026-03-17
https://feriasanmarcos.mx/como-ganar-un-fan-access-para-el-foro-de-las-estrellas-2026/,2026-03-16
https://feriasanmarcos.mx/fases-de-entrega-de-boletos-con-qr-en-el-foro-de-las-estrellas/,2026-03-16
https://feriasanmarcos.mx/illusion-on-ice-en-la-feria-de-san-marcos-2026/,2026-03-11
https://play.google.com/store/apps/details?id=mx.feriasanmarcos.mapa,2026-03-08
https://feriasanmarcos.mx/yuridia-palenque-san-marcos-2026/,2026-03-04
https://feriasanmarcos.mx/gala-de-boxeo-internacional-fnsm-2026/,2026-03-03
https://feriasanmarcos.mx/el-ferial-de-mi-vida-2026/,2026-03-02
https://feriasanmarcos.mx/illusion-on-ice-fnsm-2026/,2026-03-02
https://feriasanmarcos.mx/cartel-oficial-foro-del-lago-2026/,2026-03-01
https://1828brasaycarbon.mx/cortes-a-las-brasas/,2026-02-21
https://feriasanmarcos.mx/carin-leon-palenque-san-marcos-2026/,2026-02-19
https://feriasanmarcos.mx/christian-nodal-palenque-san-marcos-2026/,2026-02-19
https://feriasanmarcos.mx/grupo-duelo-palenque-san-marcos-2026/,2026-02-19
https://feriasanmarcos.mx/venta-boletos-palenque-san-marcos-2026/,2026-02-19
https://feriasanmarcos.mx/boletos-para-el-palenque-de-la-feria-de-san-marcos-2026/,2026-02-18
https://feriasanmarcos.mx/grupo-firme-palenque-san-marcos-2026-2/,2026-02-18
https://feriasanmarcos.mx/julion-alvarez-palenque-san-marcos-2026/,2026-02-18
https://feriasanmarcos.mx/manuel-turizo-en-el-palenque-san-marcos-2026/,2026-02-18
https://feriasanmarcos.mx/oscar-maydon-palenque-san-marcos-2026/,2026-02-18
https://feriasanmarcos.mx/artistas-palenque-san-marcos-2026/,2026-02-17
https://feriasanmarcos.mx/palenque/artista-sorpresa-10-mayo-palenque-san-marcos-2026/,2026-02-17
https://feriasanmarcos.mx/palenque/artista-sorpresa-29-abril-palenque-san-marcos-2026/,2026-02-17
https://feriasanmarcos.mx/palenque/banda-ms-30-abril-palenque-san-marcos-2026/,2026-02-17
https://feriasanmarcos.mx/palenque/bronco-19-abril-palenque-san-marcos-2026/,2026-02-17
https://feriasanmarcos.mx/palenque/capibaras-tour-26-abril-palenque-san-marcos-2026/,2026-02-17
https://feriasanmarcos.mx/palenque/carin-leon-17-abril-palenque-san-marcos-2026/,2026-02-17
https://feriasanmarcos.mx/palenque/christian-nodal-22-abril-palenque-san-marcos-2026/,2026-02-17
https://feriasanmarcos.mx/palenque/cristian-castro-9-mayo-palenque-san-marcos-2026/,2026-02-17
https://feriasanmarcos.mx/palenque/grupo-duelo-4-mayo-palenque-san-marcos-2026/,2026-02-17
https://feriasanmarcos.mx/palenque/grupo-firme-2-mayo-palenque-san-marcos-2026/,2026-02-17
https://feriasanmarcos.mx/palenque/grupo-firme-3-mayo-palenque-san-marcos-2026/,2026-02-17
https://feriasanmarcos.mx/palenque/jorge-medina-y-josi-cuen-27-abril-palenque-san-marcos-2026/,2026-02-17
https://feriasanmarcos.mx/palenque/julion-alvarez-6-mayo-palenque-san-marcos-2026/,2026-02-17
https://feriasanmarcos.mx/palenque/julion-alvarez-7-mayo-palenque-san-marcos-2026/,2026-02-17
https://feriasanmarcos.mx/palenque/los-parras-28-abril-palenque-san-marcos-2026/,2026-02-17
https://feriasanmarcos.mx/palenque/manuel-turizo-5-mayo-palenque-san-marcos-2026/,2026-02-17
https://feriasanmarcos.mx/palenque/maria-jose-21-abril-palenque-san-marcos-2026/,2026-02-17
https://feriasanmarcos.mx/palenque/oscar-maydon-8-mayo-palenque-san-marcos-2026/,2026-02-17
https://feriasanmarcos.mx/palenque/remmy-valenzuela-23-abril-palenque-san-marcos-2026/,2026-02-17
https://feriasanmarcos.mx/palenque/victor-mendivil-20-abril-palenque-san-marcos-2026/,2026-02-17
https://feriasanmarcos.mx/palenque/yuridia-25-abril-palenque-san-marcos-2026/,2026-02-17
https://feriasanmarcos.mx/presentacion-del-palenque-san-marcos-2026-2/,2026-02-17
https://feriasanmarcos.mx/presentacion-del-palenque-san-marcos-2026/,2026-02-17
https://feriasanmarcos.mx/cartel-oficial-serial-taurino-fnsm-2026/,2026-02-16
https://feriasanmarcos.mx/feria-nacional-de-san-marcos-2026-en-chihuahua/,2026-02-12
https://feriasanmarcos.mx/grupo-firme-palenque-san-marcos-2026/,2026-02-12
https://feriasanmarcos.mx/andrea-bocelli-foro-de-las-estrellas-2026/,2026-02-08
https://feriasanmarcos.mx/convocatoria-para-musicos-y-bailarines-fnsm-2026/,2026-02-08
https://feriasanmarcos.mx/conjunto-primavera-al-lado-de-alex-fernandez-llega-al-foro-de-las-estrellas-2026/,2026-02-02
https://feriasanmarcos.mx/el-buki-palenque-feria-de-san-marcos-2026/,2026-02-02
https://feriasanmarcos.mx/mon-laferte-feria-de-san-marcos-2026/,2026-02-02
https://feriasanmarcos.mx/grupo-frontera-en-la-feria-de-san-marcos-2026/,2026-01-28
https://feriasanmarcos.mx/lila-downs-en-la-feria-de-san-marcos-2026/,2026-01-28
https://feriasanmarcos.mx/j-balvin-en-la-feria-de-san-marcos-2026-el-poder-del-regueton-global-llega-al-foro-de-las-estrellas/,2026-01-26
https://feriasanmarcos.mx/corredor-cultural-carranza-feria-san-marcos-2026/,2026-01-25
https://feriasanmarcos.mx/eric-nam-en-el-foro-de-las-estrellas-2026/,2026-01-21
https://feriasanmarcos.mx/espacios-comerciales-feria-de-san-marcos-2026/,2026-01-21
https://feriasanmarcos.mx/audrey-nuna-en-foro-de-las-estrellas-2026/,2026-01-20
https://feriasanmarcos.mx/david-guetta-en-el-foro-de-las-estrellas-2026/,2026-01-20
https://feriasanmarcos.mx/grupo-firme-en-el-palenque-san-marcos-2026/,2026-01-20
https://feriasanmarcos.mx/madrid-en-la-feria-de-san-marcos-2026/,2026-01-20
https://feriasanmarcos.mx/boletos-feria-nacional-de-san-marcos-2026/,2026-01-15
https://feriasanmarcos.mx/cartel-de-artistas-foro-de-las-estrellas-2026/,2026-01-15
https://feriasanmarcos.mx/como-acceder-foro-de-las-estrellas-2026/,2026-01-15
https://feriasanmarcos.mx/entre-amigos-en-el-foro-de-las-estrellas-2026/,2026-01-15
https://feriasanmarcos.mx/foro-de-las-estrellas/alex-fernandez-feria-nacional-de-san-marcos-2026-2/,2026-01-15
https://feriasanmarcos.mx/foro-de-las-estrellas/andrea-bocelli-feria-nacional-de-san-marcos-2026-2/,2026-01-15
https://feriasanmarcos.mx/foro-de-las-estrellas/audrey-nuna-eric-nam-milli-feria-nacional-de-san-marcos-2026-2/,2026-01-15
https://feriasanmarcos.mx/foro-de-las-estrellas/bxs-bryndis-x-siempre-feria-nacional-de-san-marcos-2026/,2026-01-15
https://feriasanmarcos.mx/foro-de-las-estrellas/el-mimoso-feria-nacional-de-san-marcos-2026-2/,2026-01-15
https://feriasanmarcos.mx/foro-de-las-estrellas/empire-of-the-sun-feria-nacional-de-san-marcos-2026/,2026-01-15
https://feriasanmarcos.mx/foro-de-las-estrellas/entre-amigos-feria-de-san-marcos-2026/,2026-01-15
https://feriasanmarcos.mx/foro-de-las-estrellas/foreigner-feria-nacional-de-san-marcos-2026-2/,2026-01-15
https://feriasanmarcos.mx/foro-de-las-estrellas/funcion-de-lucha-libre-feria-nacional-de-san-marcos-2026/,2026-01-15
https://feriasanmarcos.mx/foro-de-las-estrellas/goo-goo-dolls-feria-nacional-de-san-marcos-2026/,2026-01-15
https://feriasanmarcos.mx/foro-de-las-estrellas/j-balvin-feria-nacional-de-san-marcos-2026/,2026-01-15
https://feriasanmarcos.mx/foro-de-las-estrellas/jose-carreras-keny-g-lopez-yanez-feria-nacional-de-san-marcos-2026-2/,2026-01-15
https://feriasanmarcos.mx/foro-de-las-estrellas/kany-garcia-feria-nacional-de-san-marcos-2026-2/,2026-01-15
https://feriasanmarcos.mx/foro-de-las-estrellas/kumbia-kings-mi-banda-el-mexicano-feria-nacional-de-san-marcos-2026/,2026-01-15
https://feriasanmarcos.mx/foro-de-las-estrellas/lara-campos-feria-nacional-de-san-marcos-2026/,2026-01-15
https://feriasanmarcos.mx/foro-de-las-estrellas/lila-downs-feria-nacional-de-san-marcos-2026-2/,2026-01-15
https://feriasanmarcos.mx/foro-de-las-estrellas/luis-angel-el-flaco-feria-nacional-de-san-marcos-2026/,2026-01-15
https://feriasanmarcos.mx/foro-de-las-estrellas/mago-de-oz-feria-nacional-de-san-marcos-2026-2/,2026-01-15
https://feriasanmarcos.mx/foro-de-las-estrellas/orquesta-sinfonica-sedena-feria-nacional-de-san-marcos-2026/,2026-01-15
https://feriasanmarcos.mx/foro-de-las-estrellas/paulo-londra-feria-nacional-de-san-marcos-2026/,2026-01-15
https://feriasanmarcos.mx/foro-de-las-estrellas/sonora-santanera-feria-nacional-de-san-marcos-2026/,2026-01-15
https://feriasanmarcos.mx/grupo-frontera-foro-de-las-estrellas-2026/,2026-01-15
https://feriasanmarcos.mx/lara-campos-foro-de-las-estrellas-2026/,2026-01-15
https://feriasanmarcos.mx/luis-angel-el-flaco-foro-de-las-estrellas-2026/,2026-01-15
https://feriasanmarcos.mx/paulo-londra-foro-de-las-estrellas-2026/,2026-01-15
https://feriasanmarcos.mx/primeros-artistas-foro-del-lago-2026/,2026-01-15
https://feriasanmarcos.mx/conoce-el-foro-de-las-estrellas-2026/,2026-01-14
https://feriasanmarcos.mx/que-generos-se-presentaran-en-el-foro-de-las-estrellas-2026/,2026-01-14
https://feriasanmarcos.mx/save-the-rabbits-en-presentacion-feria-de-san-marcos-2026/,2026-01-14
https://feriasanmarcos.mx/presentacion-del-foro-de-las-estrellas-2026/,2026-01-08
https://linkatomic.com/es/agencias/mexico/aguascalientes/,2026-01-06
https://feriasanmarcos.mx/alexa-reina-fnsm-2026/,2025-12-10
https://feriasanmarcos.mx/posibles-artistas-isla-san-marcos-2026/,2025-12-09
https://feriasanmarcos.mx/artistas-en-el-foro-de-las-estrellas-2026/,2025-11-28
https://feriasanmarcos.mx/artistas-palenque-2026/,2025-11-28
https://feriasanmarcos.mx/cuando-se-anuncia-el-foro-de-las-estrellas-2026/,2025-11-28
https://1828brasaycarbon.mx/tienda/,2025-11-26
https://1828brasaycarbon.mx/mixologia-clasica/,2025-11-12
https://1828brasaycarbon.mx/mixologia-clasica/page/3/,2025-11-12
https://1828brasaycarbon.mx/vinos/,2025-11-05
https://1828brasaycarbon.mx/sopas-y-pastas/,2025-09-21
https://persianasdeaguascalientes.com/productos/,2025-09-04
https://feriadelauva.com/artistas/,2025-08-25
https://persianasdeaguascalientes.com/persianas-sheer-elegance/,2025-07-20
https://toldosaguascalientes.com/persianas-dunes-2/,2025-07-17
https://persianasdeaguascalientes.com/contacto/,2025-07-09
https://feriasanmarcos.mx/cuando-es-la-feria-de-san-marcos-2026/,2025-07-07
https://1828brasaycarbon.mx/toriles/,2025-06-29
https://1828brasaycarbon.mx/ensaladas/,2025-06-23
https://1828brasaycarbon.mx/mixologia-1828/,2025-06-19
https://persianasdeaguascalientes.com/nosotros/,2025-06-07
https://persianasdeaguascalientes.com/persiana-enrollable/,2025-05-10
https://feriasanmarcos.mx/juniorh-en-el-palenque-de-la-feria-de-san-marcos-2025/,2025-05-06
https://feriasanmarcos.mx/antro/salon-monterrey/,2025-05-01
https://feriasanmarcos.mx/illusion-on-ice-en-la-feria-de-san-marcos-2025/,2025-04-28
https://feriasanmarcos.mx/hoy-alejandro-fernandez-en-el-palenque-de-la-feria-de-san-marcos-2025/,2025-04-24
https://feriasanmarcos.mx/el-nuevo-foro-de-las-estrellas/,2025-04-23
https://feriasanmarcos.mx/hoy-pitbull-el-foro-de-las-estrellas-2025/,2025-04-23
https://feriasanmarcos.mx/palenque-feria-san-marcos-2025/,2025-04-20
https://feriasanmarcos.mx/boletos-11-de-abril-foro-de-las-estrellas-2025/,2025-04-10
https://feriasanmarcos.mx/boletos-para-cristian-castro-foro-de-las-estrellas-2025/,2025-04-10
https://feriasanmarcos.mx/boletos-para-cardenales-e-invasores-foro-de-las-estrellas-2025/,2025-04-09
https://feriasanmarcos.mx/carteles/jorge-hernandez-garate-guillermo-hermoso-fauro-aloi/,2025-04-08
https://feriasanmarcos.mx/entrega-boletos-8-de-abril-foro-de-las-estrellas-2025/,2025-04-07
https://feriasanmarcos.mx/entrega-de-boletos-qr-foro-de-las-estrellas-2025/,2025-03-30
https://feriasanmarcos.mx/corredor-cultural-carranza-tradicion-arte-y-musica-en-la-fnsm-2025/,2025-03-25
https://feriasanmarcos.mx/cuernos-chuecos-el-espectaculo-mas-esperado-en-aguascalientes-2/,2025-03-25
https://feriasanmarcos.mx/cartel-del-foro-del-lago-musica-y-cultura-en-un-escenario-inigualable/,2025-03-24
https://feriasanmarcos.mx/celebra-las-tradicionales-mananitas-en-el-jardin-de-san-marcos/,2025-03-23
https://feriasanmarcos.mx/illusion-on-ice-en-la-feria-nacional-de-san-marcos-2025-un-espectaculo-sobre-hielo-imperdible/,2025-03-23
https://feriasanmarcos.mx/category/charreria/,2025-03-19
https://feriasanmarcos.mx/category/cultural/,2025-03-19
https://feriasanmarcos.mx/boletos-gratis-para-el-foro-de-las-estrellas-2025/,2025-03-18
https://feriasanmarcos.mx/carteles/corrida-de-la-beneficiencia/,2025-03-09
https://feriasanmarcos.mx/carteles/mano-a-mano/,2025-03-09
https://feriasanmarcos.mx/carteles/alejandro-talavante-diego-silveti-arturo-gilio/,2025-03-06
https://feriasanmarcos.mx/carteles/corrida-de-la-prensa/,2025-03-06
https://feriasanmarcos.mx/carteles/emilio-de-justo-joselito-adame-hector-gutierrez/,2025-03-06
https://feriasanmarcos.mx/carteles/fernando-robleno-arturo-saldivar-fermin-espinosa/,2025-03-06
https://feriasanmarcos.mx/carteles/gines-marin-isaac-fonseca-alejandro-adame/,2025-03-06
https://feriasanmarcos.mx/carteles/juan-pablo-sanchez-juan-ortega-luis-david/,2025-03-06
https://feriasanmarcos.mx/carteles/mano-a-mano-2/,2025-03-06
https://feriasanmarcos.mx/carteles/novillada-de-triunfadores-2/,2025-03-06
https://feriasanmarcos.mx/carteles/sebastian-castela-octavio-garcial-el-payo-diego-sanchez/,2025-03-06
https://feriasanmarcos.mx/categoria/antros-feria-de-san-marcos/,2025-03-06
https://feriasanmarcos.mx/foro-de-las-estrellas/alamenos-de-la-sierra-feria-de-san-marcos-2025/,2025-03-06
https://feriasanmarcos.mx/foro-de-las-estrellas/cristian-castro-feria-de-san-marcos-2025/,2025-03-06
https://feriasanmarcos.mx/foro-de-las-estrellas/cuisillos-feria-de-san-marcos-2025/,2025-03-06
https://feriasanmarcos.mx/foro-de-las-estrellas/il-volo-feria-de-san-marcos-2025/,2025-03-06
https://feriasanmarcos.mx/foro-de-las-estrellas/lucha-libre-feria-de-san-marcos-2025/,2025-03-06
https://feriasanmarcos.mx/foro-de-las-estrellas/onerepublic-feria-de-san-marcos-2025/,2025-03-06
https://feriasanmarcos.mx/foro-de-las-estrellas/pepe-aguilar-feria-de-san-marcos-2025/,2025-03-06
https://feriasanmarcos.mx/foro-de-las-estrellas/picus-feria-de-san-marcos-2025/,2025-03-06
https://feriasanmarcos.mx/foro-de-las-estrellas/scorpions-feria-de-san-marcos-2025/,2025-03-06
https://feriasanmarcos.mx/foro-de-las-estrellas/tiesto-feria-de-san-marcos-2025/,2025-03-06
https://feriasanmarcos.mx/restaurante/carajillo/,2025-03-06
https://feriasanmarcos.mx/restaurante/garufa/,2025-03-06
https://feriasanmarcos.mx/restaurante/tikal-grill-house/,2025-03-06
https://feriasanmarcos.mx/categoria/carteles/,2025-03-05
https://feriasanmarcos.mx/categoria/foro-de-las-estrellas/,2025-03-05
https://feriasanmarcos.mx/categoria/foro-del-lago/,2025-03-05
https://feriasanmarcos.mx/categoria/palenque/,2025-03-05
https://feriasanmarcos.mx/categoria/restaurantes/,2025-03-05
https://feriasanmarcos.mx/category/expo-ganadera/,2025-03-05
https://feriasanmarcos.mx/category/feria-de-san-marcos/,2025-03-05
https://feriasanmarcos.mx/category/feria-de-san-marcos/page/2/,2025-03-05
https://feriasanmarcos.mx/category/foro-de-las-estrellas/,2025-03-05
https://feriasanmarcos.mx/category/foro-de-las-estrellas/page/3/,2025-03-05
https://feriasanmarcos.mx/category/foro-del-lago/,2025-03-05
https://feriasanmarcos.mx/category/isla-san-marcos/,2025-03-05
https://feriasanmarcos.mx/category/palenque/,2025-03-05
https://feriasanmarcos.mx/category/plaza-de-toros-monumental/,2025-03-05
https://feriasanmarcos.mx/cuantas-personas-visitan-la-feria-de-san-marcos/,2025-03-05
https://feriasanmarcos.mx/el-ferial-feria-de-san-marcos-2024/,2025-03-05
https://feriasanmarcos.mx/foro-de-las-estrellas/ana-barbara-y-sonora-santanera-feria-de-san-marcos-2025/,2025-03-05
https://feriasanmarcos.mx/foro-de-las-estrellas/cardenales-e-invasores-feria-de-san-marcos-2025/,2025-03-05
https://feriasanmarcos.mx/foro-de-las-estrellas/fernando-de-la-mora/,2025-03-05
https://feriasanmarcos.mx/foro-de-las-estrellas/los-acosta-feria-de-san-marcos-2025/,2025-03-05
https://feriasanmarcos.mx/foro-de-las-estrellas/morat-feria-de-san-marcos-2025/,2025-03-05
https://feriasanmarcos.mx/foro-de-las-estrellas/myke-towers-feria-de-san-marcos-2025/,2025-03-05
https://feriasanmarcos.mx/foro-de-las-estrellas/pitbull-feria-de-san-marcos-2025/,2025-03-05
https://feriasanmarcos.mx/illusion-on-ice-feria-de-san-marcos/,2025-03-05
https://feriasanmarcos.mx/noticias/,2025-03-05
https://feriasanmarcos.mx/palenque/alejandro-fernandez-2/,2025-03-05
https://feriasanmarcos.mx/palenque/alejandro-fernandez/,2025-03-05
https://feriasanmarcos.mx/palenque/alfredo-olivas-2/,2025-03-05
https://feriasanmarcos.mx/palenque/banda-ms-2/,2025-03-05
https://feriasanmarcos.mx/palenque/carin-leon-2-2/,2025-03-05
https://feriasanmarcos.mx/palenque/carin-leon-3/,2025-03-05
https://feriasanmarcos.mx/palenque/christian-nodal/,2025-03-05
https://feriasanmarcos.mx/palenque/conjunto-primavera/,2025-03-05
https://feriasanmarcos.mx/palenque/gabito-ballesteros/,2025-03-05
https://feriasanmarcos.mx/palenque/gloria-trevi-2/,2025-03-05
https://feriasanmarcos.mx/palenque/grupo-duelo/,2025-03-05
https://feriasanmarcos.mx/palenque/jorge-medina-josi-cuen-3/,2025-03-05
https://feriasanmarcos.mx/palenque/jorge-medina-josi-cuen/,2025-03-05
https://feriasanmarcos.mx/palenque/julion-alvarez-2-2/,2025-03-05
https://feriasanmarcos.mx/palenque/julion-alvarez-2/,2025-03-05
https://feriasanmarcos.mx/palenque/natalia-jimenez/,2025-03-05
https://feriasanmarcos.mx/palenque/natanael-cano-2/,2025-03-05
https://feriasanmarcos.mx/palenque/palomazo-norteno/,2025-03-05
https://feriasanmarcos.mx/palenque/remmy-valenzuela-2/,2025-03-05
https://feriasanmarcos.mx/restaurante/fishers/,2025-03-05
https://feriasanmarcos.mx/restaurante/la-mayor/,2025-03-05
https://feriasanmarcos.mx/restaurante/las-costillas-de-sancho/,2025-03-05
https://1828brasaycarbon.mx/video/,2024-12-23
https://1828brasaycarbon.mx/contacto/,2024-12-03
https://1828brasaycarbon.mx/cortes-a-las-brasas/page/2/,2024-12-03
https://1828brasaycarbon.mx/del-mar/,2024-12-03
https://1828brasaycarbon.mx/entradas/,2024-12-03
https://1828brasaycarbon.mx/menu/,2024-12-03
https://1828brasaycarbon.mx/nosotros/,2024-12-03
https://1828brasaycarbon.mx/,2024-12-02
https://cortinasaguascalientes.com/cortinas-traslucida/,2024-11-13
https://cortinasaguascalientes.com/,2024-11-12
https://cortinasaguascalientes.com/cortinas-blackout/,2024-11-12
https://cortinasaguascalientes.com/cortinas-dunes/,2024-11-12
https://toldosaguascalientes.com/,2024-11-12
https://toldosaguascalientes.com/showroom/,2024-11-12
https://toldosaguascalientes.com/toldos-a1-premium/,2024-11-12
https://toldosaguascalientes.com/toldos-balcony/,2024-11-12
https://toldosaguascalientes.com/toldos-m1-premium/,2024-11-12
https://toldosaguascalientes.com/toldos-maximus/,2024-11-12
https://toldosaguascalientes.com/toldos-terrace/,2024-11-12
https://toldosaguascalientes.com/toldos-vinci-calypso-marbella/,2024-11-12
https://persianasdeaguascalientes.com/persianas-dunes-2/,2024-11-10
https://persianasdeaguascalientes.com/,2024-10-08
https://www.grupomaen.mx/revista-maen/proyectos-maen/marketing-digital-en-aguascalientes/,2024-06-11
https://feriasanmarcos.mx/cultural/cuartel-del-arte-fnsm/,2024-04-02