Páginas principales,Clics,Impresiones,CTR,Posición
https://www.inedito.digital/,54,3646,1.48%,20.96
https://inedito.digital/,12,622,1.93%,4.92
https://www.inedito.digital/servicios,3,157,1.91%,8.83
https://www.inedito.digital/contacto,1,244,0.41%,6.28
https://www.inedito.digital/portafolio,1,218,0.46%,17.5
https://www.inedito.digital/servicios-ia/ecommerce,1,31,3.23%,19.9
https://www.inedito.digital/portafolio/1828-brasa-carbon,1,30,3.33%,10.67
https://www.inedito.digital/servicios/posicionamiento-organico,0,212,0%,33.19
https://www.inedito.digital/servicios/branding,0,137,0%,3.58
https://www.inedito.digital/servicios/servicios-qr,0,53,0%,4.72
https://www.inedito.digital/espacios-publicitarios-feria-de-san-marcos-205,0,51,0%,42.71
https://www.inedito.digital/blog/google-ads-vs-facebook-ads-cual-elegir,0,41,0%,26.85
https://www.inedito.digital/blog,0,39,0%,1.67
https://www.inedito.digital/terminos,0,30,0%,5.53
https://inedito.digital/blog,0,21,0%,1.05
https://www.inedito.digital/blog/funnels-venta-alta-conversion,0,14,0%,24.29
https://sanasexualidad.inedito.digital/genero-masculino/3-2-2-aparato-reproductor-masculino/,0,14,0%,76.57
https://www.inedito.digital/en,0,11,0%,10.82
https://inedito.digital/blog/google-ads-vs-facebook-ads-cual-elegir,0,9,0%,29.11
https://www.inedito.digital/servicios-ia/marketing,0,7,0%,7.86
https://sanasexualidad.inedito.digital/privacy-policy/,0,5,0%,7.6
https://sanasexualidad.inedito.digital/,0,4,0%,1
https://crm-dent.inedito.digital/,0,3,0%,11.67
https://inedito.digital/blog/funnels-venta-alta-conversion,0,3,0%,36
https://hypatiastyle.inedito.digital/,0,3,0%,44.33
https://sanasexualidad.inedito.digital/genero-masculino/esto-es-todo-lo-que-debes-saber-sobre-la-salud-sexual/,0,3,0%,65.67
https://sanasexualidad.inedito.digital/genero-femenino/aborto/,0,1,0%,2
https://www.inedito.digital/privacidad,0,1,0%,2
https://www.inedito.digital/en/,0,1,0%,7